13
Nandamuri Taraka Ramarao,1111111111,devara@gmail.com
PRABHAS,2222222222,rajasaab@gmail.com
Ram Charan,3333333333,gamechanger@gmail.com
MAHESH BABU,4444444444,ssmb28@gmail.com
POWER STAR PAWAN KALYAN,5555555555,og@gmail.com
ALLU ARJUN,6666666666,pushparaaj@gmail.com
Naga Chaitanya,7777777777,nagachaitanya@gmail.com
Ayyagare No.1,8888888888,hello@gmail.com
Dagupati Rana,9999999999,veetiyan@gmail.com
SURYA KIRAN,1010101010,EmbeddedC@gmail.com
Dhanush,6385207410,tamil@gmail.com
Rajini Kanth,9870123654,Narasimha@gmail.com
Vijay Sethupathi,9999911111,master@gmail.com
